,urls
0,https://finance.yahoo.com/quote/000080.KS/history?p=000080.KS
1,https://finance.yahoo.com/quote/000390.KS/history?p=000390.KS
2,https://finance.yahoo.com/quote/000070.KS/history?p=000070.KS
3,https://finance.yahoo.com/quote/000300.KS/history?p=000300.KS
4,https://finance.yahoo.com/quote/000430.KS/history?p=000430.KS
5,https://finance.yahoo.com/quote/000320.KS/history?p=000320.KS
6,https://finance.yahoo.com/quote/000210.KS/history?p=000210.KS
7,https://finance.yahoo.com/quote/000020.KS/history?p=000020.KS
8,https://finance.yahoo.com/quote/000240.KS/history?p=000240.KS
9,https://finance.yahoo.com/quote/000060.KS/history?p=000060.KS
10,https://finance.yahoo.com/quote/000220.KS/history?p=000220.KS
11,https://finance.yahoo.com/quote/000230.KS/history?p=000230.KS
12,https://finance.yahoo.com/quote/000050.KS/history?p=000050.KS
13,https://finance.yahoo.com/quote/000400.KS/history?p=000400.KS
14,https://finance.yahoo.com/quote/000120.KS/history?p=000120.KS
15,https://finance.yahoo.com/quote/000140.KS/history?p=000140.KS
16,https://finance.yahoo.com/quote/000370.KS/history?p=000370.KS
17,https://finance.yahoo.com/quote/000040.KS/history?p=000040.KS
18,https://finance.yahoo.com/quote/000500.KS/history?p=000500.KS
19,https://finance.yahoo.com/quote/000490.KS/history?p=000490.KS
20,https://finance.yahoo.com/quote/000270.KS/history?p=000270.KS
21,https://finance.yahoo.com/quote/000180.KS/history?p=000180.KS
22,https://finance.yahoo.com/quote/000480.KS/history?p=000480.KS
23,https://finance.yahoo.com/quote/000150.KS/history?p=000150.KS
24,https://finance.yahoo.com/quote/000100.KS/history?p=000100.KS
25,https://finance.yahoo.com/quote/000760.KS/history?p=000760.KS
26,https://finance.yahoo.com/quote/000640.KS/history?p=000640.KS
27,https://finance.yahoo.com/quote/000670.KS/history?p=000670.KS
28,https://finance.yahoo.com/quote/000650.KS/history?p=000650.KS
29,https://finance.yahoo.com/quote/000890.KS/history?p=000890.KS
30,https://finance.yahoo.com/quote/000660.KS/history?p=000660.KS
31,https://finance.yahoo.com/quote/000880.KS/history?p=000880.KS
32,https://finance.yahoo.com/quote/000990.KS/history?p=000990.KS
33,https://finance.yahoo.com/quote/001020.KS/history?p=001020.KS
34,https://finance.yahoo.com/quote/001080.KS/history?p=001080.KS
35,https://finance.yahoo.com/quote/000860.KS/history?p=000860.KS
36,https://finance.yahoo.com/quote/000520.KS/history?p=000520.KS
37,https://finance.yahoo.com/quote/000950.KS/history?p=000950.KS
38,https://finance.yahoo.com/quote/000850.KS/history?p=000850.KS
39,https://finance.yahoo.com/quote/000810.KS/history?p=000810.KS
40,https://finance.yahoo.com/quote/001070.KS/history?p=001070.KS
41,https://finance.yahoo.com/quote/000680.KS/history?p=000680.KS
42,https://finance.yahoo.com/quote/000720.KS/history?p=000720.KS
43,https://finance.yahoo.com/quote/001040.KS/history?p=001040.KS
44,https://finance.yahoo.com/quote/000700.KS/history?p=000700.KS
45,https://finance.yahoo.com/quote/000540.KS/history?p=000540.KS
46,https://finance.yahoo.com/quote/001060.KS/history?p=001060.KS
47,https://finance.yahoo.com/quote/000910.KS/history?p=000910.KS
48,https://finance.yahoo.com/quote/000590.KS/history?p=000590.KS
49,https://finance.yahoo.com/quote/000970.KS/history?p=000970.KS
50,https://finance.yahoo.com/quote/001200.KS/history?p=001200.KS
51,https://finance.yahoo.com/quote/001120.KS/history?p=001120.KS
52,https://finance.yahoo.com/quote/001390.KS/history?p=001390.KS
53,https://finance.yahoo.com/quote/001420.KS/history?p=001420.KS
54,https://finance.yahoo.com/quote/001230.KS/history?p=001230.KS
55,https://finance.yahoo.com/quote/001140.KS/history?p=001140.KS
56,https://finance.yahoo.com/quote/001450.KS/history?p=001450.KS
57,https://finance.yahoo.com/quote/001550.KS/history?p=001550.KS
58,https://finance.yahoo.com/quote/001520.KS/history?p=001520.KS
59,https://finance.yahoo.com/quote/001290.KS/history?p=001290.KS
60,https://finance.yahoo.com/quote/001360.KS/history?p=001360.KS
61,https://finance.yahoo.com/quote/001270.KS/history?p=001270.KS
62,https://finance.yahoo.com/quote/001380.KS/history?p=001380.KS
63,https://finance.yahoo.com/quote/001510.KS/history?p=001510.KS
64,https://finance.yahoo.com/quote/001340.KS/history?p=001340.KS
65,https://finance.yahoo.com/quote/001440.KS/history?p=001440.KS
66,https://finance.yahoo.com/quote/001130.KS/history?p=001130.KS
67,https://finance.yahoo.com/quote/001530.KS/history?p=001530.KS
68,https://finance.yahoo.com/quote/001430.KS/history?p=001430.KS
69,https://finance.yahoo.com/quote/001210.KS/history?p=001210.KS
70,https://finance.yahoo.com/quote/001260.KS/history?p=001260.KS
71,https://finance.yahoo.com/quote/001250.KS/history?p=001250.KS
72,https://finance.yahoo.com/quote/001470.KS/history?p=001470.KS
73,https://finance.yahoo.com/quote/001460.KS/history?p=001460.KS
74,https://finance.yahoo.com/quote/001500.KS/history?p=001500.KS
75,https://finance.yahoo.com/quote/001740.KS/history?p=001740.KS
76,https://finance.yahoo.com/quote/001880.KS/history?p=001880.KS
77,https://finance.yahoo.com/quote/002220.KS/history?p=002220.KS
78,https://finance.yahoo.com/quote/001790.KS/history?p=001790.KS
79,https://finance.yahoo.com/quote/002170.KS/history?p=002170.KS
80,https://finance.yahoo.com/quote/001570.KS/history?p=001570.KS
81,https://finance.yahoo.com/quote/002210.KS/history?p=002210.KS
82,https://finance.yahoo.com/quote/001800.KS/history?p=001800.KS
83,https://finance.yahoo.com/quote/002200.KS/history?p=002200.KS
84,https://finance.yahoo.com/quote/001940.KS/history?p=001940.KS
85,https://finance.yahoo.com/quote/001820.KS/history?p=001820.KS
86,https://finance.yahoo.com/quote/002100.KS/history?p=002100.KS
87,https://finance.yahoo.com/quote/002140.KS/history?p=002140.KS
88,https://finance.yahoo.com/quote/002150.KS/history?p=002150.KS
89,https://finance.yahoo.com/quote/001770.KS/history?p=001770.KS
90,https://finance.yahoo.com/quote/002020.KS/history?p=002020.KS
91,https://finance.yahoo.com/quote/001680.KS/history?p=001680.KS
92,https://finance.yahoo.com/quote/001560.KS/history?p=001560.KS
93,https://finance.yahoo.com/quote/001630.KS/history?p=001630.KS
94,https://finance.yahoo.com/quote/001620.KS/history?p=001620.KS
95,https://finance.yahoo.com/quote/002070.KS/history?p=002070.KS
96,https://finance.yahoo.com/quote/001750.KS/history?p=001750.KS
97,https://finance.yahoo.com/quote/001720.KS/history?p=001720.KS
98,https://finance.yahoo.com/quote/001780.KS/history?p=001780.KS
99,https://finance.yahoo.com/quote/002030.KS/history?p=002030.KS
100,https://finance.yahoo.com/quote/002600.KS/history?p=002600.KS
101,https://finance.yahoo.com/quote/002250.KS/history?p=002250.KS
102,https://finance.yahoo.com/quote/002320.KS/history?p=002320.KS
103,https://finance.yahoo.com/quote/002420.KS/history?p=002420.KS
104,https://finance.yahoo.com/quote/002410.KS/history?p=002410.KS
105,https://finance.yahoo.com/quote/002310.KS/history?p=002310.KS
106,https://finance.yahoo.com/quote/002270.KS/history?p=002270.KS
107,https://finance.yahoo.com/quote/002300.KS/history?p=002300.KS
108,https://finance.yahoo.com/quote/002240.KS/history?p=002240.KS
109,https://finance.yahoo.com/quote/002810.KS/history?p=002810.KS
110,https://finance.yahoo.com/quote/002720.KS/history?p=002720.KS
111,https://finance.yahoo.com/quote/002390.KS/history?p=002390.KS
112,https://finance.yahoo.com/quote/002380.KS/history?p=002380.KS
113,https://finance.yahoo.com/quote/002760.KS/history?p=002760.KS
114,https://finance.yahoo.com/quote/002360.KS/history?p=002360.KS
115,https://finance.yahoo.com/quote/002690.KS/history?p=002690.KS
116,https://finance.yahoo.com/quote/002790.KS/history?p=002790.KS
117,https://finance.yahoo.com/quote/002460.KS/history?p=002460.KS
118,https://finance.yahoo.com/quote/002780.KS/history?p=002780.KS
119,https://finance.yahoo.com/quote/002630.KS/history?p=002630.KS
120,https://finance.yahoo.com/quote/002350.KS/history?p=002350.KS
121,https://finance.yahoo.com/quote/002620.KS/history?p=002620.KS
122,https://finance.yahoo.com/quote/002700.KS/history?p=002700.KS
123,https://finance.yahoo.com/quote/002710.KS/history?p=002710.KS
124,https://finance.yahoo.com/quote/002450.KS/history?p=002450.KS
125,https://finance.yahoo.com/quote/003230.KS/history?p=003230.KS
126,https://finance.yahoo.com/quote/002960.KS/history?p=002960.KS
127,https://finance.yahoo.com/quote/003200.KS/history?p=003200.KS
128,https://finance.yahoo.com/quote/002990.KS/history?p=002990.KS
129,https://finance.yahoo.com/quote/003160.KS/history?p=003160.KS
130,https://finance.yahoo.com/quote/002880.KS/history?p=002880.KS
131,https://finance.yahoo.com/quote/002900.KS/history?p=002900.KS
132,https://finance.yahoo.com/quote/003070.KS/history?p=003070.KS
133,https://finance.yahoo.com/quote/003280.KS/history?p=003280.KS
134,https://finance.yahoo.com/quote/002820.KS/history?p=002820.KS
135,https://finance.yahoo.com/quote/003240.KS/history?p=003240.KS
136,https://finance.yahoo.com/quote/003080.KS/history?p=003080.KS
137,https://finance.yahoo.com/quote/003090.KS/history?p=003090.KS
138,https://finance.yahoo.com/quote/002840.KS/history?p=002840.KS
139,https://finance.yahoo.com/quote/003010.KS/history?p=003010.KS
140,https://finance.yahoo.com/quote/003060.KS/history?p=003060.KS
141,https://finance.yahoo.com/quote/003350.KS/history?p=003350.KS
142,https://finance.yahoo.com/quote/003410.KS/history?p=003410.KS
143,https://finance.yahoo.com/quote/003000.KS/history?p=003000.KS
144,https://finance.yahoo.com/quote/002920.KS/history?p=002920.KS
145,https://finance.yahoo.com/quote/003220.KS/history?p=003220.KS
146,https://finance.yahoo.com/quote/002870.KS/history?p=002870.KS
147,https://finance.yahoo.com/quote/003030.KS/history?p=003030.KS
148,https://finance.yahoo.com/quote/003120.KS/history?p=003120.KS
149,https://finance.yahoo.com/quote/003300.KS/history?p=003300.KS
150,https://finance.yahoo.com/quote/003550.KS/history?p=003550.KS
151,https://finance.yahoo.com/quote/003650.KS/history?p=003650.KS
152,https://finance.yahoo.com/quote/003570.KS/history?p=003570.KS
153,https://finance.yahoo.com/quote/003460.KS/history?p=003460.KS
154,https://finance.yahoo.com/quote/003580.KS/history?p=003580.KS
155,https://finance.yahoo.com/quote/003530.KS/history?p=003530.KS
156,https://finance.yahoo.com/quote/003830.KS/history?p=003830.KS
157,https://finance.yahoo.com/quote/003620.KS/history?p=003620.KS
158,https://finance.yahoo.com/quote/003780.KS/history?p=003780.KS
159,https://finance.yahoo.com/quote/003560.KS/history?p=003560.KS
160,https://finance.yahoo.com/quote/004060.KS/history?p=004060.KS
161,https://finance.yahoo.com/quote/003470.KS/history?p=003470.KS
162,https://finance.yahoo.com/quote/004000.KS/history?p=004000.KS
163,https://finance.yahoo.com/quote/003690.KS/history?p=003690.KS
164,https://finance.yahoo.com/quote/003540.KS/history?p=003540.KS
165,https://finance.yahoo.com/quote/003680.KS/history?p=003680.KS
166,https://finance.yahoo.com/quote/003490.KS/history?p=003490.KS
167,https://finance.yahoo.com/quote/003920.KS/history?p=003920.KS
168,https://finance.yahoo.com/quote/003720.KS/history?p=003720.KS
169,https://finance.yahoo.com/quote/003960.KS/history?p=003960.KS
170,https://finance.yahoo.com/quote/003610.KS/history?p=003610.KS
171,https://finance.yahoo.com/quote/003480.KS/history?p=003480.KS
172,https://finance.yahoo.com/quote/003850.KS/history?p=003850.KS
173,https://finance.yahoo.com/quote/004020.KS/history?p=004020.KS
174,https://finance.yahoo.com/quote/003520.KS/history?p=003520.KS
175,https://finance.yahoo.com/quote/004270.KS/history?p=004270.KS
176,https://finance.yahoo.com/quote/004310.KS/history?p=004310.KS
177,https://finance.yahoo.com/quote/004360.KS/history?p=004360.KS
178,https://finance.yahoo.com/quote/004370.KS/history?p=004370.KS
179,https://finance.yahoo.com/quote/004560.KS/history?p=004560.KS
180,https://finance.yahoo.com/quote/004090.KS/history?p=004090.KS
181,https://finance.yahoo.com/quote/004140.KS/history?p=004140.KS
182,https://finance.yahoo.com/quote/004490.KS/history?p=004490.KS
183,https://finance.yahoo.com/quote/004770.KS/history?p=004770.KS
184,https://finance.yahoo.com/quote/004380.KS/history?p=004380.KS
185,https://finance.yahoo.com/quote/004720.KS/history?p=004720.KS
186,https://finance.yahoo.com/quote/004710.KS/history?p=004710.KS
187,https://finance.yahoo.com/quote/004700.KS/history?p=004700.KS
188,https://finance.yahoo.com/quote/004540.KS/history?p=004540.KS
189,https://finance.yahoo.com/quote/004430.KS/history?p=004430.KS
190,https://finance.yahoo.com/quote/004450.KS/history?p=004450.KS
191,https://finance.yahoo.com/quote/004100.KS/history?p=004100.KS
192,https://finance.yahoo.com/quote/004170.KS/history?p=004170.KS
193,https://finance.yahoo.com/quote/004440.KS/history?p=004440.KS
194,https://finance.yahoo.com/quote/004080.KS/history?p=004080.KS
195,https://finance.yahoo.com/quote/004200.KS/history?p=004200.KS
196,https://finance.yahoo.com/quote/004250.KS/history?p=004250.KS
197,https://finance.yahoo.com/quote/004150.KS/history?p=004150.KS
198,https://finance.yahoo.com/quote/004690.KS/history?p=004690.KS
199,https://finance.yahoo.com/quote/004410.KS/history?p=004410.KS
200,https://finance.yahoo.com/quote/005030.KS/history?p=005030.KS
201,https://finance.yahoo.com/quote/004980.KS/history?p=004980.KS
202,https://finance.yahoo.com/quote/005380.KS/history?p=005380.KS
203,https://finance.yahoo.com/quote/005090.KS/history?p=005090.KS
204,https://finance.yahoo.com/quote/005010.KS/history?p=005010.KS
205,https://finance.yahoo.com/quote/004970.KS/history?p=004970.KS
206,https://finance.yahoo.com/quote/004920.KS/history?p=004920.KS
207,https://finance.yahoo.com/quote/005390.KS/history?p=005390.KS
208,https://finance.yahoo.com/quote/004840.KS/history?p=004840.KS
209,https://finance.yahoo.com/quote/005190.KS/history?p=005190.KS
210,https://finance.yahoo.com/quote/004870.KS/history?p=004870.KS
211,https://finance.yahoo.com/quote/005300.KS/history?p=005300.KS
212,https://finance.yahoo.com/quote/005420.KS/history?p=005420.KS
213,https://finance.yahoo.com/quote/005180.KS/history?p=005180.KS
214,https://finance.yahoo.com/quote/004960.KS/history?p=004960.KS
215,https://finance.yahoo.com/quote/005320.KS/history?p=005320.KS
216,https://finance.yahoo.com/quote/004990.KS/history?p=004990.KS
217,https://finance.yahoo.com/quote/005250.KS/history?p=005250.KS
218,https://finance.yahoo.com/quote/004910.KS/history?p=004910.KS
219,https://finance.yahoo.com/quote/005070.KS/history?p=005070.KS
220,https://finance.yahoo.com/quote/005110.KS/history?p=005110.KS
221,https://finance.yahoo.com/quote/004800.KS/history?p=004800.KS
222,https://finance.yahoo.com/quote/004890.KS/history?p=004890.KS
223,https://finance.yahoo.com/quote/004830.KS/history?p=004830.KS
224,https://finance.yahoo.com/quote/005360.KS/history?p=005360.KS
225,https://finance.yahoo.com/quote/005430.KS/history?p=005430.KS
226,https://finance.yahoo.com/quote/005930.KS/history?p=005930.KS
227,https://finance.yahoo.com/quote/005880.KS/history?p=005880.KS
228,https://finance.yahoo.com/quote/005680.KS/history?p=005680.KS
229,https://finance.yahoo.com/quote/005690.KS/history?p=005690.KS
230,https://finance.yahoo.com/quote/005500.KS/history?p=005500.KS
231,https://finance.yahoo.com/quote/005820.KS/history?p=005820.KS
232,https://finance.yahoo.com/quote/006040.KS/history?p=006040.KS
233,https://finance.yahoo.com/quote/005810.KS/history?p=005810.KS
234,https://finance.yahoo.com/quote/005950.KS/history?p=005950.KS
235,https://finance.yahoo.com/quote/006090.KS/history?p=006090.KS
236,https://finance.yahoo.com/quote/005750.KS/history?p=005750.KS
237,https://finance.yahoo.com/quote/005940.KS/history?p=005940.KS
238,https://finance.yahoo.com/quote/005800.KS/history?p=005800.KS
239,https://finance.yahoo.com/quote/005870.KS/history?p=005870.KS
240,https://finance.yahoo.com/quote/005440.KS/history?p=005440.KS
241,https://finance.yahoo.com/quote/005960.KS/history?p=005960.KS
242,https://finance.yahoo.com/quote/006110.KS/history?p=006110.KS
243,https://finance.yahoo.com/quote/005830.KS/history?p=005830.KS
244,https://finance.yahoo.com/quote/005740.KS/history?p=005740.KS
245,https://finance.yahoo.com/quote/005720.KS/history?p=005720.KS
246,https://finance.yahoo.com/quote/005850.KS/history?p=005850.KS
247,https://finance.yahoo.com/quote/005490.KS/history?p=005490.KS
248,https://finance.yahoo.com/quote/005610.KS/history?p=005610.KS
249,https://finance.yahoo.com/quote/006060.KS/history?p=006060.KS
250,https://finance.yahoo.com/quote/007070.KS/history?p=007070.KS
251,https://finance.yahoo.com/quote/006880.KS/history?p=006880.KS
252,https://finance.yahoo.com/quote/006200.KS/history?p=006200.KS
253,https://finance.yahoo.com/quote/006380.KS/history?p=006380.KS
254,https://finance.yahoo.com/quote/006400.KS/history?p=006400.KS
255,https://finance.yahoo.com/quote/006340.KS/history?p=006340.KS
256,https://finance.yahoo.com/quote/007110.KS/history?p=007110.KS
257,https://finance.yahoo.com/quote/006490.KS/history?p=006490.KS
258,https://finance.yahoo.com/quote/006650.KS/history?p=006650.KS
259,https://finance.yahoo.com/quote/006570.KS/history?p=006570.KS
260,https://finance.yahoo.com/quote/006360.KS/history?p=006360.KS
261,https://finance.yahoo.com/quote/006800.KS/history?p=006800.KS
262,https://finance.yahoo.com/quote/006980.KS/history?p=006980.KS
263,https://finance.yahoo.com/quote/006390.KS/history?p=006390.KS
264,https://finance.yahoo.com/quote/007160.KS/history?p=007160.KS
265,https://finance.yahoo.com/quote/006740.KS/history?p=006740.KS
266,https://finance.yahoo.com/quote/006120.KS/history?p=006120.KS
267,https://finance.yahoo.com/quote/006370.KS/history?p=006370.KS
268,https://finance.yahoo.com/quote/006890.KS/history?p=006890.KS
269,https://finance.yahoo.com/quote/006260.KS/history?p=006260.KS
270,https://finance.yahoo.com/quote/006220.KS/history?p=006220.KS
271,https://finance.yahoo.com/quote/006660.KS/history?p=006660.KS
272,https://finance.yahoo.com/quote/006280.KS/history?p=006280.KS
273,https://finance.yahoo.com/quote/006840.KS/history?p=006840.KS
274,https://finance.yahoo.com/quote/007120.KS/history?p=007120.KS
275,https://finance.yahoo.com/quote/007610.KS/history?p=007610.KS
276,https://finance.yahoo.com/quote/007810.KS/history?p=007810.KS
277,https://finance.yahoo.com/quote/007570.KS/history?p=007570.KS
278,https://finance.yahoo.com/quote/007280.KS/history?p=007280.KS
279,https://finance.yahoo.com/quote/008490.KS/history?p=008490.KS
280,https://finance.yahoo.com/quote/007310.KS/history?p=007310.KS
281,https://finance.yahoo.com/quote/007460.KS/history?p=007460.KS
282,https://finance.yahoo.com/quote/007690.KS/history?p=007690.KS
283,https://finance.yahoo.com/quote/008060.KS/history?p=008060.KS
284,https://finance.yahoo.com/quote/008420.KS/history?p=008420.KS
285,https://finance.yahoo.com/quote/007210.KS/history?p=007210.KS
286,https://finance.yahoo.com/quote/008110.KS/history?p=008110.KS
287,https://finance.yahoo.com/quote/007590.KS/history?p=007590.KS
288,https://finance.yahoo.com/quote/007630.KS/history?p=007630.KS
289,https://finance.yahoo.com/quote/008260.KS/history?p=008260.KS
290,https://finance.yahoo.com/quote/008350.KS/history?p=008350.KS
291,https://finance.yahoo.com/quote/007340.KS/history?p=007340.KS
292,https://finance.yahoo.com/quote/007660.KS/history?p=007660.KS
293,https://finance.yahoo.com/quote/007860.KS/history?p=007860.KS
294,https://finance.yahoo.com/quote/007980.KS/history?p=007980.KS
295,https://finance.yahoo.com/quote/007540.KS/history?p=007540.KS
296,https://finance.yahoo.com/quote/008250.KS/history?p=008250.KS
297,https://finance.yahoo.com/quote/008500.KS/history?p=008500.KS
298,https://finance.yahoo.com/quote/008040.KS/history?p=008040.KS
299,https://finance.yahoo.com/quote/007700.KS/history?p=007700.KS
300,https://finance.yahoo.com/quote/008930.KS/history?p=008930.KS
301,https://finance.yahoo.com/quote/008870.KS/history?p=008870.KS
302,https://finance.yahoo.com/quote/008700.KS/history?p=008700.KS
303,https://finance.yahoo.com/quote/009410.KS/history?p=009410.KS
304,https://finance.yahoo.com/quote/009290.KS/history?p=009290.KS
305,https://finance.yahoo.com/quote/009180.KS/history?p=009180.KS
306,https://finance.yahoo.com/quote/008970.KS/history?p=008970.KS
307,https://finance.yahoo.com/quote/009420.KS/history?p=009420.KS
308,https://finance.yahoo.com/quote/009440.KS/history?p=009440.KS
309,https://finance.yahoo.com/quote/009200.KS/history?p=009200.KS
310,https://finance.yahoo.com/quote/008730.KS/history?p=008730.KS
311,https://finance.yahoo.com/quote/009270.KS/history?p=009270.KS
312,https://finance.yahoo.com/quote/008560.KS/history?p=008560.KS
313,https://finance.yahoo.com/quote/009140.KS/history?p=009140.KS
314,https://finance.yahoo.com/quote/009240.KS/history?p=009240.KS
315,https://finance.yahoo.com/quote/009070.KS/history?p=009070.KS
316,https://finance.yahoo.com/quote/009160.KS/history?p=009160.KS
317,https://finance.yahoo.com/quote/009190.KS/history?p=009190.KS
318,https://finance.yahoo.com/quote/009310.KS/history?p=009310.KS
319,https://finance.yahoo.com/quote/009320.KS/history?p=009320.KS
320,https://finance.yahoo.com/quote/009460.KS/history?p=009460.KS
321,https://finance.yahoo.com/quote/008770.KS/history?p=008770.KS
322,https://finance.yahoo.com/quote/009450.KS/history?p=009450.KS
323,https://finance.yahoo.com/quote/008600.KS/history?p=008600.KS
324,https://finance.yahoo.com/quote/009150.KS/history?p=009150.KS
325,https://finance.yahoo.com/quote/010140.KS/history?p=010140.KS
326,https://finance.yahoo.com/quote/010400.KS/history?p=010400.KS
327,https://finance.yahoo.com/quote/010040.KS/history?p=010040.KS
328,https://finance.yahoo.com/quote/010120.KS/history?p=010120.KS
329,https://finance.yahoo.com/quote/010050.KS/history?p=010050.KS
330,https://finance.yahoo.com/quote/009680.KS/history?p=009680.KS
331,https://finance.yahoo.com/quote/009580.KS/history?p=009580.KS
332,https://finance.yahoo.com/quote/010600.KS/history?p=010600.KS
333,https://finance.yahoo.com/quote/010660.KS/history?p=010660.KS
334,https://finance.yahoo.com/quote/010060.KS/history?p=010060.KS
335,https://finance.yahoo.com/quote/010620.KS/history?p=010620.KS
336,https://finance.yahoo.com/quote/009970.KS/history?p=009970.KS
337,https://finance.yahoo.com/quote/010690.KS/history?p=010690.KS
338,https://finance.yahoo.com/quote/010770.KS/history?p=010770.KS
339,https://finance.yahoo.com/quote/010100.KS/history?p=010100.KS
340,https://finance.yahoo.com/quote/009770.KS/history?p=009770.KS
341,https://finance.yahoo.com/quote/009540.KS/history?p=009540.KS
342,https://finance.yahoo.com/quote/010780.KS/history?p=010780.KS
343,https://finance.yahoo.com/quote/010420.KS/history?p=010420.KS
344,https://finance.yahoo.com/quote/009830.KS/history?p=009830.KS
345,https://finance.yahoo.com/quote/010130.KS/history?p=010130.KS
346,https://finance.yahoo.com/quote/010640.KS/history?p=010640.KS
347,https://finance.yahoo.com/quote/010580.KS/history?p=010580.KS
348,https://finance.yahoo.com/quote/009470.KS/history?p=009470.KS
349,https://finance.yahoo.com/quote/009810.KS/history?p=009810.KS
350,https://finance.yahoo.com/quote/011420.KS/history?p=011420.KS
351,https://finance.yahoo.com/quote/011330.KS/history?p=011330.KS
352,https://finance.yahoo.com/quote/011000.KS/history?p=011000.KS
353,https://finance.yahoo.com/quote/011280.KS/history?p=011280.KS
354,https://finance.yahoo.com/quote/011200.KS/history?p=011200.KS
355,https://finance.yahoo.com/quote/011930.KS/history?p=011930.KS
356,https://finance.yahoo.com/quote/011160.KS/history?p=011160.KS
357,https://finance.yahoo.com/quote/011300.KS/history?p=011300.KS
358,https://finance.yahoo.com/quote/011210.KS/history?p=011210.KS
359,https://finance.yahoo.com/quote/011700.KS/history?p=011700.KS
360,https://finance.yahoo.com/quote/010960.KS/history?p=010960.KS
361,https://finance.yahoo.com/quote/011760.KS/history?p=011760.KS
362,https://finance.yahoo.com/quote/011150.KS/history?p=011150.KS
363,https://finance.yahoo.com/quote/011780.KS/history?p=011780.KS
364,https://finance.yahoo.com/quote/011230.KS/history?p=011230.KS
365,https://finance.yahoo.com/quote/011390.KS/history?p=011390.KS
366,https://finance.yahoo.com/quote/011790.KS/history?p=011790.KS
367,https://finance.yahoo.com/quote/011090.KS/history?p=011090.KS
368,https://finance.yahoo.com/quote/011170.KS/history?p=011170.KS
369,https://finance.yahoo.com/quote/011500.KS/history?p=011500.KS
370,https://finance.yahoo.com/quote/011810.KS/history?p=011810.KS
371,https://finance.yahoo.com/quote/010950.KS/history?p=010950.KS
372,https://finance.yahoo.com/quote/011690.KS/history?p=011690.KS
373,https://finance.yahoo.com/quote/011070.KS/history?p=011070.KS
374,https://finance.yahoo.com/quote/010820.KS/history?p=010820.KS
375,https://finance.yahoo.com/quote/012690.KS/history?p=012690.KS
376,https://finance.yahoo.com/quote/013700.KS/history?p=013700.KS
377,https://finance.yahoo.com/quote/013580.KS/history?p=013580.KS
378,https://finance.yahoo.com/quote/012280.KS/history?p=012280.KS
379,https://finance.yahoo.com/quote/012600.KS/history?p=012600.KS
380,https://finance.yahoo.com/quote/012450.KS/history?p=012450.KS
381,https://finance.yahoo.com/quote/013870.KS/history?p=013870.KS
382,https://finance.yahoo.com/quote/013570.KS/history?p=013570.KS
383,https://finance.yahoo.com/quote/012510.KS/history?p=012510.KS
384,https://finance.yahoo.com/quote/012610.KS/history?p=012610.KS
385,https://finance.yahoo.com/quote/012030.KS/history?p=012030.KS
386,https://finance.yahoo.com/quote/014130.KS/history?p=014130.KS
387,https://finance.yahoo.com/quote/013520.KS/history?p=013520.KS
388,https://finance.yahoo.com/quote/013360.KS/history?p=013360.KS
389,https://finance.yahoo.com/quote/014160.KS/history?p=014160.KS
390,https://finance.yahoo.com/quote/012160.KS/history?p=012160.KS
391,https://finance.yahoo.com/quote/012750.KS/history?p=012750.KS
392,https://finance.yahoo.com/quote/012170.KS/history?p=012170.KS
393,https://finance.yahoo.com/quote/012630.KS/history?p=012630.KS
394,https://finance.yahoo.com/quote/012330.KS/history?p=012330.KS
395,https://finance.yahoo.com/quote/012800.KS/history?p=012800.KS
396,https://finance.yahoo.com/quote/012320.KS/history?p=012320.KS
397,https://finance.yahoo.com/quote/013000.KS/history?p=013000.KS
398,https://finance.yahoo.com/quote/012200.KS/history?p=012200.KS
399,https://finance.yahoo.com/quote/014280.KS/history?p=014280.KS
400,https://finance.yahoo.com/quote/015350.KS/history?p=015350.KS
401,https://finance.yahoo.com/quote/016090.KS/history?p=016090.KS
402,https://finance.yahoo.com/quote/016360.KS/history?p=016360.KS
403,https://finance.yahoo.com/quote/014910.KS/history?p=014910.KS
404,https://finance.yahoo.com/quote/015360.KS/history?p=015360.KS
405,https://finance.yahoo.com/quote/016580.KS/history?p=016580.KS
406,https://finance.yahoo.com/quote/014580.KS/history?p=014580.KS
407,https://finance.yahoo.com/quote/014440.KS/history?p=014440.KS
408,https://finance.yahoo.com/quote/016380.KS/history?p=016380.KS
409,https://finance.yahoo.com/quote/015020.KS/history?p=015020.KS
410,https://finance.yahoo.com/quote/014830.KS/history?p=014830.KS
411,https://finance.yahoo.com/quote/014820.KS/history?p=014820.KS
412,https://finance.yahoo.com/quote/015230.KS/history?p=015230.KS
413,https://finance.yahoo.com/quote/015890.KS/history?p=015890.KS
414,https://finance.yahoo.com/quote/015760.KS/history?p=015760.KS
415,https://finance.yahoo.com/quote/014530.KS/history?p=014530.KS
416,https://finance.yahoo.com/quote/014680.KS/history?p=014680.KS
417,https://finance.yahoo.com/quote/014710.KS/history?p=014710.KS
418,https://finance.yahoo.com/quote/015540.KS/history?p=015540.KS
419,https://finance.yahoo.com/quote/015860.KS/history?p=015860.KS
420,https://finance.yahoo.com/quote/014990.KS/history?p=014990.KS
421,https://finance.yahoo.com/quote/015260.KS/history?p=015260.KS
422,https://finance.yahoo.com/quote/014790.KS/history?p=014790.KS
423,https://finance.yahoo.com/quote/015590.KS/history?p=015590.KS
424,https://finance.yahoo.com/quote/016450.KS/history?p=016450.KS
425,https://finance.yahoo.com/quote/017670.KS/history?p=017670.KS
426,https://finance.yahoo.com/quote/018250.KS/history?p=018250.KS
427,https://finance.yahoo.com/quote/016610.KS/history?p=016610.KS
428,https://finance.yahoo.com/quote/017390.KS/history?p=017390.KS
429,https://finance.yahoo.com/quote/018880.KS/history?p=018880.KS
430,https://finance.yahoo.com/quote/019170.KS/history?p=019170.KS
431,https://finance.yahoo.com/quote/016740.KS/history?p=016740.KS
432,https://finance.yahoo.com/quote/018670.KS/history?p=018670.KS
433,https://finance.yahoo.com/quote/017370.KS/history?p=017370.KS
434,https://finance.yahoo.com/quote/019180.KS/history?p=019180.KS
435,https://finance.yahoo.com/quote/016880.KS/history?p=016880.KS
436,https://finance.yahoo.com/quote/017040.KS/history?p=017040.KS
437,https://finance.yahoo.com/quote/016800.KS/history?p=016800.KS
438,https://finance.yahoo.com/quote/017960.KS/history?p=017960.KS
439,https://finance.yahoo.com/quote/017800.KS/history?p=017800.KS
440,https://finance.yahoo.com/quote/018500.KS/history?p=018500.KS
441,https://finance.yahoo.com/quote/016710.KS/history?p=016710.KS
442,https://finance.yahoo.com/quote/017810.KS/history?p=017810.KS
443,https://finance.yahoo.com/quote/016590.KS/history?p=016590.KS
444,https://finance.yahoo.com/quote/018260.KS/history?p=018260.KS
445,https://finance.yahoo.com/quote/017180.KS/history?p=017180.KS
446,https://finance.yahoo.com/quote/017940.KS/history?p=017940.KS
447,https://finance.yahoo.com/quote/017550.KS/history?p=017550.KS
448,https://finance.yahoo.com/quote/017900.KS/history?p=017900.KS
449,https://finance.yahoo.com/quote/018470.KS/history?p=018470.KS
450,https://finance.yahoo.com/quote/024890.KS/history?p=024890.KS
451,https://finance.yahoo.com/quote/023590.KS/history?p=023590.KS
452,https://finance.yahoo.com/quote/023810.KS/history?p=023810.KS
453,https://finance.yahoo.com/quote/019490.KS/history?p=019490.KS
454,https://finance.yahoo.com/quote/023450.KS/history?p=023450.KS
455,https://finance.yahoo.com/quote/024070.KS/history?p=024070.KS
456,https://finance.yahoo.com/quote/020150.KS/history?p=020150.KS
457,https://finance.yahoo.com/quote/023000.KS/history?p=023000.KS
458,https://finance.yahoo.com/quote/020000.KS/history?p=020000.KS
459,https://finance.yahoo.com/quote/024110.KS/history?p=024110.KS
460,https://finance.yahoo.com/quote/021820.KS/history?p=021820.KS
461,https://finance.yahoo.com/quote/023350.KS/history?p=023350.KS
462,https://finance.yahoo.com/quote/023150.KS/history?p=023150.KS
463,https://finance.yahoo.com/quote/023960.KS/history?p=023960.KS
464,https://finance.yahoo.com/quote/020560.KS/history?p=020560.KS
465,https://finance.yahoo.com/quote/020120.KS/history?p=020120.KS
466,https://finance.yahoo.com/quote/019440.KS/history?p=019440.KS
467,https://finance.yahoo.com/quote/020760.KS/history?p=020760.KS
468,https://finance.yahoo.com/quote/023530.KS/history?p=023530.KS
469,https://finance.yahoo.com/quote/024720.KS/history?p=024720.KS
470,https://finance.yahoo.com/quote/021050.KS/history?p=021050.KS
471,https://finance.yahoo.com/quote/019680.KS/history?p=019680.KS
472,https://finance.yahoo.com/quote/021240.KS/history?p=021240.KS
473,https://finance.yahoo.com/quote/023800.KS/history?p=023800.KS
474,https://finance.yahoo.com/quote/024090.KS/history?p=024090.KS
475,https://finance.yahoo.com/quote/025890.KS/history?p=025890.KS
476,https://finance.yahoo.com/quote/025530.KS/history?p=025530.KS
477,https://finance.yahoo.com/quote/028050.KS/history?p=028050.KS
478,https://finance.yahoo.com/quote/027970.KS/history?p=027970.KS
479,https://finance.yahoo.com/quote/025000.KS/history?p=025000.KS
480,https://finance.yahoo.com/quote/026960.KS/history?p=026960.KS
481,https://finance.yahoo.com/quote/030000.KS/history?p=030000.KS
482,https://finance.yahoo.com/quote/027390.KS/history?p=027390.KS
483,https://finance.yahoo.com/quote/027410.KS/history?p=027410.KS
484,https://finance.yahoo.com/quote/025540.KS/history?p=025540.KS
485,https://finance.yahoo.com/quote/025860.KS/history?p=025860.KS
486,https://finance.yahoo.com/quote/025750.KS/history?p=025750.KS
487,https://finance.yahoo.com/quote/029530.KS/history?p=029530.KS
488,https://finance.yahoo.com/quote/029460.KS/history?p=029460.KS
489,https://finance.yahoo.com/quote/028670.KS/history?p=028670.KS
490,https://finance.yahoo.com/quote/024900.KS/history?p=024900.KS
491,https://finance.yahoo.com/quote/029780.KS/history?p=029780.KS
492,https://finance.yahoo.com/quote/027740.KS/history?p=027740.KS
493,https://finance.yahoo.com/quote/026940.KS/history?p=026940.KS
494,https://finance.yahoo.com/quote/026890.KS/history?p=026890.KS
495,https://finance.yahoo.com/quote/025620.KS/history?p=025620.KS
496,https://finance.yahoo.com/quote/028100.KS/history?p=028100.KS
497,https://finance.yahoo.com/quote/025820.KS/history?p=025820.KS
498,https://finance.yahoo.com/quote/025560.KS/history?p=025560.KS
499,https://finance.yahoo.com/quote/028260.KS/history?p=028260.KS
500,https://finance.yahoo.com/quote/033240.KS/history?p=033240.KS
501,https://finance.yahoo.com/quote/034310.KS/history?p=034310.KS
502,https://finance.yahoo.com/quote/031440.KS/history?p=031440.KS
503,https://finance.yahoo.com/quote/032830.KS/history?p=032830.KS
504,https://finance.yahoo.com/quote/031430.KS/history?p=031430.KS
505,https://finance.yahoo.com/quote/034220.KS/history?p=034220.KS
506,https://finance.yahoo.com/quote/030790.KS/history?p=030790.KS
507,https://finance.yahoo.com/quote/034300.KS/history?p=034300.KS
508,https://finance.yahoo.com/quote/033660.KS/history?p=033660.KS
509,https://finance.yahoo.com/quote/030610.KS/history?p=030610.KS
510,https://finance.yahoo.com/quote/034020.KS/history?p=034020.KS
511,https://finance.yahoo.com/quote/034120.KS/history?p=034120.KS
512,https://finance.yahoo.com/quote/030200.KS/history?p=030200.KS
513,https://finance.yahoo.com/quote/030210.KS/history?p=030210.KS
514,https://finance.yahoo.com/quote/032350.KS/history?p=032350.KS
515,https://finance.yahoo.com/quote/033250.KS/history?p=033250.KS
516,https://finance.yahoo.com/quote/032640.KS/history?p=032640.KS
517,https://finance.yahoo.com/quote/033920.KS/history?p=033920.KS
518,https://finance.yahoo.com/quote/033530.KS/history?p=033530.KS
519,https://finance.yahoo.com/quote/033780.KS/history?p=033780.KS
520,https://finance.yahoo.com/quote/033270.KS/history?p=033270.KS
521,https://finance.yahoo.com/quote/032560.KS/history?p=032560.KS
522,https://finance.yahoo.com/quote/033180.KS/history?p=033180.KS
523,https://finance.yahoo.com/quote/031820.KS/history?p=031820.KS
524,https://finance.yahoo.com/quote/030720.KS/history?p=030720.KS
525,https://finance.yahoo.com/quote/039570.KS/history?p=039570.KS
526,https://finance.yahoo.com/quote/035720.KS/history?p=035720.KS
527,https://finance.yahoo.com/quote/039130.KS/history?p=039130.KS
528,https://finance.yahoo.com/quote/037710.KS/history?p=037710.KS
529,https://finance.yahoo.com/quote/035250.KS/history?p=035250.KS
530,https://finance.yahoo.com/quote/042660.KS/history?p=042660.KS
531,https://finance.yahoo.com/quote/039490.KS/history?p=039490.KS
532,https://finance.yahoo.com/quote/034730.KS/history?p=034730.KS
533,https://finance.yahoo.com/quote/035420.KS/history?p=035420.KS
534,https://finance.yahoo.com/quote/034590.KS/history?p=034590.KS
535,https://finance.yahoo.com/quote/044450.KS/history?p=044450.KS
536,https://finance.yahoo.com/quote/042700.KS/history?p=042700.KS
537,https://finance.yahoo.com/quote/034830.KS/history?p=034830.KS
538,https://finance.yahoo.com/quote/044380.KS/history?p=044380.KS
539,https://finance.yahoo.com/quote/041650.KS/history?p=041650.KS
540,https://finance.yahoo.com/quote/035000.KS/history?p=035000.KS
541,https://finance.yahoo.com/quote/037560.KS/history?p=037560.KS
542,https://finance.yahoo.com/quote/037270.KS/history?p=037270.KS
543,https://finance.yahoo.com/quote/042670.KS/history?p=042670.KS
544,https://finance.yahoo.com/quote/036580.KS/history?p=036580.KS
545,https://finance.yahoo.com/quote/036570.KS/history?p=036570.KS
546,https://finance.yahoo.com/quote/035510.KS/history?p=035510.KS
547,https://finance.yahoo.com/quote/035150.KS/history?p=035150.KS
548,https://finance.yahoo.com/quote/036460.KS/history?p=036460.KS
549,https://finance.yahoo.com/quote/036530.KS/history?p=036530.KS
550,https://finance.yahoo.com/quote/058860.KS/history?p=058860.KS
551,https://finance.yahoo.com/quote/051630.KS/history?p=051630.KS
552,https://finance.yahoo.com/quote/064350.KS/history?p=064350.KS
553,https://finance.yahoo.com/quote/047040.KS/history?p=047040.KS
554,https://finance.yahoo.com/quote/047400.KS/history?p=047400.KS
555,https://finance.yahoo.com/quote/058430.KS/history?p=058430.KS
556,https://finance.yahoo.com/quote/051900.KS/history?p=051900.KS
557,https://finance.yahoo.com/quote/058730.KS/history?p=058730.KS
558,https://finance.yahoo.com/quote/051910.KS/history?p=051910.KS
559,https://finance.yahoo.com/quote/063160.KS/history?p=063160.KS
560,https://finance.yahoo.com/quote/058850.KS/history?p=058850.KS
561,https://finance.yahoo.com/quote/047050.KS/history?p=047050.KS
562,https://finance.yahoo.com/quote/049800.KS/history?p=049800.KS
563,https://finance.yahoo.com/quote/060980.KS/history?p=060980.KS
564,https://finance.yahoo.com/quote/055490.KS/history?p=055490.KS
565,https://finance.yahoo.com/quote/055550.KS/history?p=055550.KS
566,https://finance.yahoo.com/quote/053210.KS/history?p=053210.KS
567,https://finance.yahoo.com/quote/058650.KS/history?p=058650.KS
568,https://finance.yahoo.com/quote/051600.KS/history?p=051600.KS
569,https://finance.yahoo.com/quote/047810.KS/history?p=047810.KS
570,https://finance.yahoo.com/quote/053690.KS/history?p=053690.KS
571,https://finance.yahoo.com/quote/057050.KS/history?p=057050.KS
572,https://finance.yahoo.com/quote/049770.KS/history?p=049770.KS
573,https://finance.yahoo.com/quote/052690.KS/history?p=052690.KS
574,https://finance.yahoo.com/quote/044820.KS/history?p=044820.KS
575,https://finance.yahoo.com/quote/068270.KS/history?p=068270.KS
576,https://finance.yahoo.com/quote/068290.KS/history?p=068290.KS
577,https://finance.yahoo.com/quote/066570.KS/history?p=066570.KS
578,https://finance.yahoo.com/quote/071090.KS/history?p=071090.KS
579,https://finance.yahoo.com/quote/069730.KS/history?p=069730.KS
580,https://finance.yahoo.com/quote/074610.KS/history?p=074610.KS
581,https://finance.yahoo.com/quote/069960.KS/history?p=069960.KS
582,https://finance.yahoo.com/quote/072130.KS/history?p=072130.KS
583,https://finance.yahoo.com/quote/071840.KS/history?p=071840.KS
584,https://finance.yahoo.com/quote/068400.KS/history?p=068400.KS
585,https://finance.yahoo.com/quote/067830.KS/history?p=067830.KS
586,https://finance.yahoo.com/quote/069620.KS/history?p=069620.KS
587,https://finance.yahoo.com/quote/069260.KS/history?p=069260.KS
588,https://finance.yahoo.com/quote/072710.KS/history?p=072710.KS
589,https://finance.yahoo.com/quote/077500.KS/history?p=077500.KS
590,https://finance.yahoo.com/quote/071050.KS/history?p=071050.KS
591,https://finance.yahoo.com/quote/064960.KS/history?p=064960.KS
592,https://finance.yahoo.com/quote/071970.KS/history?p=071970.KS
593,https://finance.yahoo.com/quote/075580.KS/history?p=075580.KS
594,https://finance.yahoo.com/quote/071950.KS/history?p=071950.KS
595,https://finance.yahoo.com/quote/073240.KS/history?p=073240.KS
596,https://finance.yahoo.com/quote/069640.KS/history?p=069640.KS
597,https://finance.yahoo.com/quote/075180.KS/history?p=075180.KS
598,https://finance.yahoo.com/quote/070960.KS/history?p=070960.KS
599,https://finance.yahoo.com/quote/071320.KS/history?p=071320.KS
600,https://finance.yahoo.com/quote/078930.KS/history?p=078930.KS
601,https://finance.yahoo.com/quote/084680.KS/history?p=084680.KS
602,https://finance.yahoo.com/quote/079550.KS/history?p=079550.KS
603,https://finance.yahoo.com/quote/082740.KS/history?p=082740.KS
604,https://finance.yahoo.com/quote/083370.KS/history?p=083370.KS
605,https://finance.yahoo.com/quote/084010.KS/history?p=084010.KS
606,https://finance.yahoo.com/quote/083380.KS/history?p=083380.KS
607,https://finance.yahoo.com/quote/084870.KS/history?p=084870.KS
608,https://finance.yahoo.com/quote/084670.KS/history?p=084670.KS
609,https://finance.yahoo.com/quote/085620.KS/history?p=085620.KS
610,https://finance.yahoo.com/quote/077970.KS/history?p=077970.KS
611,https://finance.yahoo.com/quote/086280.KS/history?p=086280.KS
612,https://finance.yahoo.com/quote/079440.KS/history?p=079440.KS
613,https://finance.yahoo.com/quote/079160.KS/history?p=079160.KS
614,https://finance.yahoo.com/quote/081660.KS/history?p=081660.KS
615,https://finance.yahoo.com/quote/081000.KS/history?p=081000.KS
616,https://finance.yahoo.com/quote/084690.KS/history?p=084690.KS
617,https://finance.yahoo.com/quote/078520.KS/history?p=078520.KS
618,https://finance.yahoo.com/quote/079660.KS/history?p=079660.KS
619,https://finance.yahoo.com/quote/085310.KS/history?p=085310.KS
620,https://finance.yahoo.com/quote/083420.KS/history?p=083420.KS
621,https://finance.yahoo.com/quote/078000.KS/history?p=078000.KS
622,https://finance.yahoo.com/quote/079980.KS/history?p=079980.KS
623,https://finance.yahoo.com/quote/082640.KS/history?p=082640.KS
624,https://finance.yahoo.com/quote/079430.KS/history?p=079430.KS
625,https://finance.yahoo.com/quote/092440.KS/history?p=092440.KS
626,https://finance.yahoo.com/quote/091810.KS/history?p=091810.KS
627,https://finance.yahoo.com/quote/088980.KS/history?p=088980.KS
628,https://finance.yahoo.com/quote/090350.KS/history?p=090350.KS
629,https://finance.yahoo.com/quote/093240.KS/history?p=093240.KS
630,https://finance.yahoo.com/quote/094280.KS/history?p=094280.KS
631,https://finance.yahoo.com/quote/094800.KS/history?p=094800.KS
632,https://finance.yahoo.com/quote/092220.KS/history?p=092220.KS
633,https://finance.yahoo.com/quote/092230.KS/history?p=092230.KS
634,https://finance.yahoo.com/quote/089470.KS/history?p=089470.KS
635,https://finance.yahoo.com/quote/092200.KS/history?p=092200.KS
636,https://finance.yahoo.com/quote/091090.KS/history?p=091090.KS
637,https://finance.yahoo.com/quote/090370.KS/history?p=090370.KS
638,https://finance.yahoo.com/quote/093050.KS/history?p=093050.KS
639,https://finance.yahoo.com/quote/086790.KS/history?p=086790.KS
640,https://finance.yahoo.com/quote/090080.KS/history?p=090080.KS
641,https://finance.yahoo.com/quote/090430.KS/history?p=090430.KS
642,https://finance.yahoo.com/quote/088790.KS/history?p=088790.KS
643,https://finance.yahoo.com/quote/092780.KS/history?p=092780.KS
644,https://finance.yahoo.com/quote/093370.KS/history?p=093370.KS
645,https://finance.yahoo.com/quote/088350.KS/history?p=088350.KS
646,https://finance.yahoo.com/quote/089590.KS/history?p=089590.KS
647,https://finance.yahoo.com/quote/095570.KS/history?p=095570.KS
648,https://finance.yahoo.com/quote/093230.KS/history?p=093230.KS
649,https://finance.yahoo.com/quote/088260.KS/history?p=088260.KS
650,https://finance.yahoo.com/quote/101060.KS/history?p=101060.KS
651,https://finance.yahoo.com/quote/102280.KS/history?p=102280.KS
652,https://finance.yahoo.com/quote/102460.KS/history?p=102460.KS
653,https://finance.yahoo.com/quote/103130.KS/history?p=103130.KS
654,https://finance.yahoo.com/quote/101530.KS/history?p=101530.KS
655,https://finance.yahoo.com/quote/100250.KS/history?p=100250.KS
656,https://finance.yahoo.com/quote/096760.KS/history?p=096760.KS
657,https://finance.yahoo.com/quote/096770.KS/history?p=096770.KS
658,https://finance.yahoo.com/quote/100220.KS/history?p=100220.KS
659,https://finance.yahoo.com/quote/111770.KS/history?p=111770.KS
660,https://finance.yahoo.com/quote/103590.KS/history?p=103590.KS
661,https://finance.yahoo.com/quote/095720.KS/history?p=095720.KS
662,https://finance.yahoo.com/quote/102260.KS/history?p=102260.KS
663,https://finance.yahoo.com/quote/105840.KS/history?p=105840.KS
664,https://finance.yahoo.com/quote/111110.KS/history?p=111110.KS
665,https://finance.yahoo.com/quote/105560.KS/history?p=105560.KS
666,https://finance.yahoo.com/quote/104700.KS/history?p=104700.KS
667,https://finance.yahoo.com/quote/103140.KS/history?p=103140.KS
668,https://finance.yahoo.com/quote/105630.KS/history?p=105630.KS
669,https://finance.yahoo.com/quote/107590.KS/history?p=107590.KS
670,https://finance.yahoo.com/quote/109070.KS/history?p=109070.KS
671,https://finance.yahoo.com/quote/108670.KS/history?p=108670.KS
672,https://finance.yahoo.com/quote/100840.KS/history?p=100840.KS
673,https://finance.yahoo.com/quote/101140.KS/history?p=101140.KS
674,https://finance.yahoo.com/quote/097950.KS/history?p=097950.KS
675,https://finance.yahoo.com/quote/123700.KS/history?p=123700.KS
676,https://finance.yahoo.com/quote/133820.KS/history?p=133820.KS
677,https://finance.yahoo.com/quote/114090.KS/history?p=114090.KS
678,https://finance.yahoo.com/quote/117580.KS/history?p=117580.KS
679,https://finance.yahoo.com/quote/120030.KS/history?p=120030.KS
680,https://finance.yahoo.com/quote/138040.KS/history?p=138040.KS
681,https://finance.yahoo.com/quote/123890.KS/history?p=123890.KS
682,https://finance.yahoo.com/quote/138250.KS/history?p=138250.KS
683,https://finance.yahoo.com/quote/128940.KS/history?p=128940.KS
684,https://finance.yahoo.com/quote/128820.KS/history?p=128820.KS
685,https://finance.yahoo.com/quote/138490.KS/history?p=138490.KS
686,https://finance.yahoo.com/quote/112610.KS/history?p=112610.KS
687,https://finance.yahoo.com/quote/138930.KS/history?p=138930.KS
688,https://finance.yahoo.com/quote/136490.KS/history?p=136490.KS
689,https://finance.yahoo.com/quote/130660.KS/history?p=130660.KS
690,https://finance.yahoo.com/quote/129260.KS/history?p=129260.KS
691,https://finance.yahoo.com/quote/123690.KS/history?p=123690.KS
692,https://finance.yahoo.com/quote/122900.KS/history?p=122900.KS
693,https://finance.yahoo.com/quote/120110.KS/history?p=120110.KS
694,https://finance.yahoo.com/quote/126560.KS/history?p=126560.KS
695,https://finance.yahoo.com/quote/134790.KS/history?p=134790.KS
696,https://finance.yahoo.com/quote/115390.KS/history?p=115390.KS
697,https://finance.yahoo.com/quote/118000.KS/history?p=118000.KS
698,https://finance.yahoo.com/quote/134380.KS/history?p=134380.KS
699,https://finance.yahoo.com/quote/119650.KS/history?p=119650.KS
700,https://finance.yahoo.com/quote/152330.KS/history?p=152330.KS
701,https://finance.yahoo.com/quote/161890.KS/history?p=161890.KS
702,https://finance.yahoo.com/quote/180640.KS/history?p=180640.KS
703,https://finance.yahoo.com/quote/140910.KS/history?p=140910.KS
704,https://finance.yahoo.com/quote/140890.KS/history?p=140890.KS
705,https://finance.yahoo.com/quote/145990.KS/history?p=145990.KS
706,https://finance.yahoo.com/quote/161390.KS/history?p=161390.KS
707,https://finance.yahoo.com/quote/145720.KS/history?p=145720.KS
708,https://finance.yahoo.com/quote/155660.KS/history?p=155660.KS
709,https://finance.yahoo.com/quote/139480.KS/history?p=139480.KS
710,https://finance.yahoo.com/quote/139130.KS/history?p=139130.KS
711,https://finance.yahoo.com/quote/175330.KS/history?p=175330.KS
712,https://finance.yahoo.com/quote/145270.KS/history?p=145270.KS
713,https://finance.yahoo.com/quote/163560.KS/history?p=163560.KS
714,https://finance.yahoo.com/quote/153360.KS/history?p=153360.KS
715,https://finance.yahoo.com/quote/183190.KS/history?p=183190.KS
716,https://finance.yahoo.com/quote/159650.KS/history?p=159650.KS
717,https://finance.yahoo.com/quote/172580.KS/history?p=172580.KS
718,https://finance.yahoo.com/quote/185750.KS/history?p=185750.KS
719,https://finance.yahoo.com/quote/170900.KS/history?p=170900.KS
720,https://finance.yahoo.com/quote/181710.KS/history?p=181710.KS
721,https://finance.yahoo.com/quote/144620.KS/history?p=144620.KS
722,https://finance.yahoo.com/quote/143210.KS/history?p=143210.KS
723,https://finance.yahoo.com/quote/155900.KS/history?p=155900.KS
724,https://finance.yahoo.com/quote/161000.KS/history?p=161000.KS
725,https://finance.yahoo.com/quote/210540.KS/history?p=210540.KS
726,https://finance.yahoo.com/quote/249420.KS/history?p=249420.KS
727,https://finance.yahoo.com/quote/214320.KS/history?p=214320.KS
728,https://finance.yahoo.com/quote/229640.KS/history?p=229640.KS
729,https://finance.yahoo.com/quote/234080.KS/history?p=234080.KS
730,https://finance.yahoo.com/quote/210980.KS/history?p=210980.KS
731,https://finance.yahoo.com/quote/192400.KS/history?p=192400.KS
732,https://finance.yahoo.com/quote/251270.KS/history?p=251270.KS
733,https://finance.yahoo.com/quote/195870.KS/history?p=195870.KS
734,https://finance.yahoo.com/quote/200880.KS/history?p=200880.KS
735,https://finance.yahoo.com/quote/241590.KS/history?p=241590.KS
736,https://finance.yahoo.com/quote/226320.KS/history?p=226320.KS
737,https://finance.yahoo.com/quote/204320.KS/history?p=204320.KS
738,https://finance.yahoo.com/quote/248170.KS/history?p=248170.KS
739,https://finance.yahoo.com/quote/264900.KS/history?p=264900.KS
740,https://finance.yahoo.com/quote/204210.KS/history?p=204210.KS
741,https://finance.yahoo.com/quote/214330.KS/history?p=214330.KS
742,https://finance.yahoo.com/quote/194370.KS/history?p=194370.KS
743,https://finance.yahoo.com/quote/213500.KS/history?p=213500.KS
744,https://finance.yahoo.com/quote/241560.KS/history?p=241560.KS
745,https://finance.yahoo.com/quote/214390.KS/history?p=214390.KS
746,https://finance.yahoo.com/quote/214420.KS/history?p=214420.KS
747,https://finance.yahoo.com/quote/227840.KS/history?p=227840.KS
748,https://finance.yahoo.com/quote/207940.KS/history?p=207940.KS
749,https://finance.yahoo.com/quote/192820.KS/history?p=192820.KS
750,https://finance.yahoo.com/quote/293940.KS/history?p=293940.KS
751,https://finance.yahoo.com/quote/294870.KS/history?p=294870.KS
752,https://finance.yahoo.com/quote/267290.KS/history?p=267290.KS
753,https://finance.yahoo.com/quote/272450.KS/history?p=272450.KS
754,https://finance.yahoo.com/quote/298020.KS/history?p=298020.KS
755,https://finance.yahoo.com/quote/282690.KS/history?p=282690.KS
756,https://finance.yahoo.com/quote/285130.KS/history?p=285130.KS
757,https://finance.yahoo.com/quote/281820.KS/history?p=281820.KS
758,https://finance.yahoo.com/quote/900140.KS/history?p=900140.KS
759,https://finance.yahoo.com/quote/298040.KS/history?p=298040.KS
760,https://finance.yahoo.com/quote/267260.KS/history?p=267260.KS
761,https://finance.yahoo.com/quote/268280.KS/history?p=268280.KS
762,https://finance.yahoo.com/quote/298000.KS/history?p=298000.KS
763,https://finance.yahoo.com/quote/267250.KS/history?p=267250.KS
764,https://finance.yahoo.com/quote/282330.KS/history?p=282330.KS
765,https://finance.yahoo.com/quote/300720.KS/history?p=300720.KS
766,https://finance.yahoo.com/quote/267270.KS/history?p=267270.KS
767,https://finance.yahoo.com/quote/272550.KS/history?p=272550.KS
768,https://finance.yahoo.com/quote/280360.KS/history?p=280360.KS
769,https://finance.yahoo.com/quote/286940.KS/history?p=286940.KS
770,https://finance.yahoo.com/quote/271980.KS/history?p=271980.KS
771,https://finance.yahoo.com/quote/293480.KS/history?p=293480.KS
772,https://finance.yahoo.com/quote/271560.KS/history?p=271560.KS
773,https://finance.yahoo.com/quote/298050.KS/history?p=298050.KS
774,https://finance.yahoo.com/quote/284740.KS/history?p=284740.KS
775,https://finance.yahoo.com/quote/298690.KS/history?p=298690.KS
776,https://finance.yahoo.com/quote/002800.KQ/history?p=002800.KQ
777,https://finance.yahoo.com/quote/000440.KQ/history?p=000440.KQ
778,https://finance.yahoo.com/quote/003310.KQ/history?p=003310.KQ
779,https://finance.yahoo.com/quote/004780.KQ/history?p=004780.KQ
780,https://finance.yahoo.com/quote/002680.KQ/history?p=002680.KQ
781,https://finance.yahoo.com/quote/001540.KQ/history?p=001540.KQ
782,https://finance.yahoo.com/quote/001000.KQ/history?p=001000.KQ
783,https://finance.yahoo.com/quote/000250.KQ/history?p=000250.KQ
784,https://finance.yahoo.com/quote/267850.KS/history?p=267850.KS
785,https://finance.yahoo.com/quote/005670.KQ/history?p=005670.KQ
786,https://finance.yahoo.com/quote/003380.KQ/history?p=003380.KQ
787,https://finance.yahoo.com/quote/005160.KQ/history?p=005160.KQ
788,https://finance.yahoo.com/quote/003670.KQ/history?p=003670.KQ
789,https://finance.yahoo.com/quote/003100.KQ/history?p=003100.KQ
790,https://finance.yahoo.com/quote/005290.KQ/history?p=005290.KQ
791,https://finance.yahoo.com/quote/002230.KQ/history?p=002230.KQ
792,https://finance.yahoo.com/quote/004590.KQ/history?p=004590.KQ
793,https://finance.yahoo.com/quote/001840.KQ/history?p=001840.KQ
794,https://finance.yahoo.com/quote/306200.KS/history?p=306200.KS
795,https://finance.yahoo.com/quote/002290.KQ/history?p=002290.KQ
796,https://finance.yahoo.com/quote/001810.KQ/history?p=001810.KQ
797,https://finance.yahoo.com/quote/004650.KQ/history?p=004650.KQ
798,https://finance.yahoo.com/quote/003800.KQ/history?p=003800.KQ
799,https://finance.yahoo.com/quote/316140.KS/history?p=316140.KS
800,https://finance.yahoo.com/quote/007370.KQ/history?p=007370.KQ
801,https://finance.yahoo.com/quote/007680.KQ/history?p=007680.KQ
802,https://finance.yahoo.com/quote/005710.KQ/history?p=005710.KQ
803,https://finance.yahoo.com/quote/008800.KQ/history?p=008800.KQ
804,https://finance.yahoo.com/quote/006730.KQ/history?p=006730.KQ
805,https://finance.yahoo.com/quote/006910.KQ/history?p=006910.KQ
806,https://finance.yahoo.com/quote/008370.KQ/history?p=008370.KQ
807,https://finance.yahoo.com/quote/007720.KQ/history?p=007720.KQ
808,https://finance.yahoo.com/quote/007770.KQ/history?p=007770.KQ
809,https://finance.yahoo.com/quote/009300.KQ/history?p=009300.KQ
810,https://finance.yahoo.com/quote/006580.KQ/history?p=006580.KQ
811,https://finance.yahoo.com/quote/007330.KQ/history?p=007330.KQ
812,https://finance.yahoo.com/quote/007390.KQ/history?p=007390.KQ
813,https://finance.yahoo.com/quote/006920.KQ/history?p=006920.KQ
814,https://finance.yahoo.com/quote/005860.KQ/history?p=005860.KQ
815,https://finance.yahoo.com/quote/008290.KQ/history?p=008290.KQ
816,https://finance.yahoo.com/quote/006620.KQ/history?p=006620.KQ
817,https://finance.yahoo.com/quote/008470.KQ/history?p=008470.KQ
818,https://finance.yahoo.com/quote/007820.KQ/history?p=007820.KQ
819,https://finance.yahoo.com/quote/006050.KQ/history?p=006050.KQ
820,https://finance.yahoo.com/quote/009520.KQ/history?p=009520.KQ
821,https://finance.yahoo.com/quote/007530.KQ/history?p=007530.KQ
822,https://finance.yahoo.com/quote/008830.KQ/history?p=008830.KQ
823,https://finance.yahoo.com/quote/006140.KQ/history?p=006140.KQ
824,https://finance.yahoo.com/quote/005990.KQ/history?p=005990.KQ
825,https://finance.yahoo.com/quote/013990.KQ/history?p=013990.KQ
826,https://finance.yahoo.com/quote/013310.KQ/history?p=013310.KQ
827,https://finance.yahoo.com/quote/013810.KQ/history?p=013810.KQ
828,https://finance.yahoo.com/quote/014100.KQ/history?p=014100.KQ
829,https://finance.yahoo.com/quote/013030.KQ/history?p=013030.KQ
830,https://finance.yahoo.com/quote/012620.KQ/history?p=012620.KQ
831,https://finance.yahoo.com/quote/011080.KQ/history?p=011080.KQ
832,https://finance.yahoo.com/quote/013120.KQ/history?p=013120.KQ
833,https://finance.yahoo.com/quote/012790.KQ/history?p=012790.KQ
834,https://finance.yahoo.com/quote/009730.KQ/history?p=009730.KQ
835,https://finance.yahoo.com/quote/013720.KQ/history?p=013720.KQ
836,https://finance.yahoo.com/quote/011560.KQ/history?p=011560.KQ
837,https://finance.yahoo.com/quote/010470.KQ/history?p=010470.KQ
838,https://finance.yahoo.com/quote/011320.KQ/history?p=011320.KQ
839,https://finance.yahoo.com/quote/010170.KQ/history?p=010170.KQ
840,https://finance.yahoo.com/quote/010240.KQ/history?p=010240.KQ
841,https://finance.yahoo.com/quote/012340.KQ/history?p=012340.KQ
842,https://finance.yahoo.com/quote/009780.KQ/history?p=009780.KQ
843,https://finance.yahoo.com/quote/011370.KQ/history?p=011370.KQ
844,https://finance.yahoo.com/quote/012700.KQ/history?p=012700.KQ
845,https://finance.yahoo.com/quote/014190.KQ/history?p=014190.KQ
846,https://finance.yahoo.com/quote/009620.KQ/history?p=009620.KQ
847,https://finance.yahoo.com/quote/010280.KQ/history?p=010280.KQ
848,https://finance.yahoo.com/quote/012860.KQ/history?p=012860.KQ
849,https://finance.yahoo.com/quote/011040.KQ/history?p=011040.KQ
850,https://finance.yahoo.com/quote/016790.KQ/history?p=016790.KQ
851,https://finance.yahoo.com/quote/018000.KQ/history?p=018000.KQ
852,https://finance.yahoo.com/quote/018290.KQ/history?p=018290.KQ
853,https://finance.yahoo.com/quote/017680.KQ/history?p=017680.KQ
854,https://finance.yahoo.com/quote/014970.KQ/history?p=014970.KQ
855,https://finance.yahoo.com/quote/014470.KQ/history?p=014470.KQ
856,https://finance.yahoo.com/quote/016670.KQ/history?p=016670.KQ
857,https://finance.yahoo.com/quote/018120.KQ/history?p=018120.KQ
858,https://finance.yahoo.com/quote/016920.KQ/history?p=016920.KQ
859,https://finance.yahoo.com/quote/014200.KQ/history?p=014200.KQ
860,https://finance.yahoo.com/quote/015710.KQ/history?p=015710.KQ
861,https://finance.yahoo.com/quote/018310.KQ/history?p=018310.KQ
862,https://finance.yahoo.com/quote/014940.KQ/history?p=014940.KQ
863,https://finance.yahoo.com/quote/017890.KQ/history?p=017890.KQ
864,https://finance.yahoo.com/quote/017000.KQ/history?p=017000.KQ
865,https://finance.yahoo.com/quote/014570.KQ/history?p=014570.KQ
866,https://finance.yahoo.com/quote/016250.KQ/history?p=016250.KQ
867,https://finance.yahoo.com/quote/015750.KQ/history?p=015750.KQ
868,https://finance.yahoo.com/quote/017480.KQ/history?p=017480.KQ
869,https://finance.yahoo.com/quote/017510.KQ/history?p=017510.KQ
870,https://finance.yahoo.com/quote/017250.KQ/history?p=017250.KQ
871,https://finance.yahoo.com/quote/016100.KQ/history?p=016100.KQ
872,https://finance.yahoo.com/quote/016600.KQ/history?p=016600.KQ
873,https://finance.yahoo.com/quote/017650.KQ/history?p=017650.KQ
874,https://finance.yahoo.com/quote/046120.KQ/history?p=046120.KQ
875,https://finance.yahoo.com/quote/044480.KQ/history?p=044480.KQ
876,https://finance.yahoo.com/quote/046140.KQ/history?p=046140.KQ
877,https://finance.yahoo.com/quote/045510.KQ/history?p=045510.KQ
878,https://finance.yahoo.com/quote/046970.KQ/history?p=046970.KQ
879,https://finance.yahoo.com/quote/046110.KQ/history?p=046110.KQ
880,https://finance.yahoo.com/quote/045890.KQ/history?p=045890.KQ
881,https://finance.yahoo.com/quote/045340.KQ/history?p=045340.KQ
882,https://finance.yahoo.com/quote/045060.KQ/history?p=045060.KQ
883,https://finance.yahoo.com/quote/044780.KQ/history?p=044780.KQ
884,https://finance.yahoo.com/quote/046940.KQ/history?p=046940.KQ
885,https://finance.yahoo.com/quote/046390.KQ/history?p=046390.KQ
886,https://finance.yahoo.com/quote/045660.KQ/history?p=045660.KQ
887,https://finance.yahoo.com/quote/046070.KQ/history?p=046070.KQ
888,https://finance.yahoo.com/quote/046310.KQ/history?p=046310.KQ
889,https://finance.yahoo.com/quote/045970.KQ/history?p=045970.KQ
890,https://finance.yahoo.com/quote/046890.KQ/history?p=046890.KQ
891,https://finance.yahoo.com/quote/044960.KQ/history?p=044960.KQ
892,https://finance.yahoo.com/quote/046440.KQ/history?p=046440.KQ
893,https://finance.yahoo.com/quote/045300.KQ/history?p=045300.KQ
894,https://finance.yahoo.com/quote/044490.KQ/history?p=044490.KQ
895,https://finance.yahoo.com/quote/046210.KQ/history?p=046210.KQ
896,https://finance.yahoo.com/quote/045390.KQ/history?p=045390.KQ
897,https://finance.yahoo.com/quote/045520.KQ/history?p=045520.KQ
898,https://finance.yahoo.com/quote/048530.KQ/history?p=048530.KQ
899,https://finance.yahoo.com/quote/048910.KQ/history?p=048910.KQ
900,https://finance.yahoo.com/quote/049180.KQ/history?p=049180.KQ
901,https://finance.yahoo.com/quote/049520.KQ/history?p=049520.KQ
902,https://finance.yahoo.com/quote/049550.KQ/history?p=049550.KQ
903,https://finance.yahoo.com/quote/048430.KQ/history?p=048430.KQ
904,https://finance.yahoo.com/quote/048550.KQ/history?p=048550.KQ
905,https://finance.yahoo.com/quote/049470.KQ/history?p=049470.KQ
906,https://finance.yahoo.com/quote/048770.KQ/history?p=048770.KQ
907,https://finance.yahoo.com/quote/047770.KQ/history?p=047770.KQ
908,https://finance.yahoo.com/quote/049430.KQ/history?p=049430.KQ
909,https://finance.yahoo.com/quote/047560.KQ/history?p=047560.KQ
910,https://finance.yahoo.com/quote/047080.KQ/history?p=047080.KQ
911,https://finance.yahoo.com/quote/047820.KQ/history?p=047820.KQ
912,https://finance.yahoo.com/quote/049080.KQ/history?p=049080.KQ
913,https://finance.yahoo.com/quote/048470.KQ/history?p=048470.KQ
914,https://finance.yahoo.com/quote/047310.KQ/history?p=047310.KQ
915,https://finance.yahoo.com/quote/049120.KQ/history?p=049120.KQ
916,https://finance.yahoo.com/quote/048410.KQ/history?p=048410.KQ
917,https://finance.yahoo.com/quote/048830.KQ/history?p=048830.KQ
918,https://finance.yahoo.com/quote/047920.KQ/history?p=047920.KQ
919,https://finance.yahoo.com/quote/048260.KQ/history?p=048260.KQ
920,https://finance.yahoo.com/quote/049480.KQ/history?p=049480.KQ
921,https://finance.yahoo.com/quote/094170.KQ/history?p=094170.KQ
922,https://finance.yahoo.com/quote/095610.KQ/history?p=095610.KQ
923,https://finance.yahoo.com/quote/095700.KQ/history?p=095700.KQ
924,https://finance.yahoo.com/quote/094850.KQ/history?p=094850.KQ
925,https://finance.yahoo.com/quote/096530.KQ/history?p=096530.KQ
926,https://finance.yahoo.com/quote/096040.KQ/history?p=096040.KQ
927,https://finance.yahoo.com/quote/095500.KQ/history?p=095500.KQ
928,https://finance.yahoo.com/quote/095660.KQ/history?p=095660.KQ
929,https://finance.yahoo.com/quote/096610.KQ/history?p=096610.KQ
930,https://finance.yahoo.com/quote/095270.KQ/history?p=095270.KQ
931,https://finance.yahoo.com/quote/094860.KQ/history?p=094860.KQ
932,https://finance.yahoo.com/quote/095190.KQ/history?p=095190.KQ
933,https://finance.yahoo.com/quote/094820.KQ/history?p=094820.KQ
934,https://finance.yahoo.com/quote/094970.KQ/history?p=094970.KQ
935,https://finance.yahoo.com/quote/095340.KQ/history?p=095340.KQ
936,https://finance.yahoo.com/quote/094940.KQ/history?p=094940.KQ
937,https://finance.yahoo.com/quote/094360.KQ/history?p=094360.KQ
938,https://finance.yahoo.com/quote/094190.KQ/history?p=094190.KQ
939,https://finance.yahoo.com/quote/096350.KQ/history?p=096350.KQ
940,https://finance.yahoo.com/quote/096240.KQ/history?p=096240.KQ
941,https://finance.yahoo.com/quote/093640.KQ/history?p=093640.KQ
942,https://finance.yahoo.com/quote/095910.KQ/history?p=095910.KQ
943,https://finance.yahoo.com/quote/094480.KQ/history?p=094480.KQ
944,https://finance.yahoo.com/quote/093920.KQ/history?p=093920.KQ
945,https://finance.yahoo.com/quote/099410.KQ/history?p=099410.KQ
946,https://finance.yahoo.com/quote/097780.KQ/history?p=097780.KQ
947,https://finance.yahoo.com/quote/097800.KQ/history?p=097800.KQ
948,https://finance.yahoo.com/quote/098660.KQ/history?p=098660.KQ
949,https://finance.yahoo.com/quote/101170.KQ/history?p=101170.KQ
950,https://finance.yahoo.com/quote/100130.KQ/history?p=100130.KQ
951,https://finance.yahoo.com/quote/097520.KQ/history?p=097520.KQ
952,https://finance.yahoo.com/quote/099320.KQ/history?p=099320.KQ
953,https://finance.yahoo.com/quote/096640.KQ/history?p=096640.KQ
954,https://finance.yahoo.com/quote/096630.KQ/history?p=096630.KQ
955,https://finance.yahoo.com/quote/100660.KQ/history?p=100660.KQ
956,https://finance.yahoo.com/quote/099440.KQ/history?p=099440.KQ
957,https://finance.yahoo.com/quote/100700.KQ/history?p=100700.KQ
958,https://finance.yahoo.com/quote/098120.KQ/history?p=098120.KQ
959,https://finance.yahoo.com/quote/101160.KQ/history?p=101160.KQ
960,https://finance.yahoo.com/quote/099190.KQ/history?p=099190.KQ
961,https://finance.yahoo.com/quote/099220.KQ/history?p=099220.KQ
962,https://finance.yahoo.com/quote/097870.KQ/history?p=097870.KQ
963,https://finance.yahoo.com/quote/098460.KQ/history?p=098460.KQ
964,https://finance.yahoo.com/quote/100090.KQ/history?p=100090.KQ
965,https://finance.yahoo.com/quote/100030.KQ/history?p=100030.KQ
966,https://finance.yahoo.com/quote/099520.KQ/history?p=099520.KQ
967,https://finance.yahoo.com/quote/096690.KQ/history?p=096690.KQ
968,https://finance.yahoo.com/quote/096870.KQ/history?p=096870.KQ
969,https://finance.yahoo.com/quote/100120.KQ/history?p=100120.KQ
970,https://finance.yahoo.com/quote/101730.KQ/history?p=101730.KQ
971,https://finance.yahoo.com/quote/101670.KQ/history?p=101670.KQ
972,https://finance.yahoo.com/quote/101240.KQ/history?p=101240.KQ
973,https://finance.yahoo.com/quote/101930.KQ/history?p=101930.KQ
974,https://finance.yahoo.com/quote/105550.KQ/history?p=105550.KQ
975,https://finance.yahoo.com/quote/104200.KQ/history?p=104200.KQ
976,https://finance.yahoo.com/quote/104040.KQ/history?p=104040.KQ
977,https://finance.yahoo.com/quote/101490.KQ/history?p=101490.KQ
978,https://finance.yahoo.com/quote/106240.KQ/history?p=106240.KQ
979,https://finance.yahoo.com/quote/102120.KQ/history?p=102120.KQ
980,https://finance.yahoo.com/quote/108230.KQ/history?p=108230.KQ
981,https://finance.yahoo.com/quote/106520.KQ/history?p=106520.KQ
982,https://finance.yahoo.com/quote/102940.KQ/history?p=102940.KQ
983,https://finance.yahoo.com/quote/101400.KQ/history?p=101400.KQ
984,https://finance.yahoo.com/quote/103230.KQ/history?p=103230.KQ
985,https://finance.yahoo.com/quote/104540.KQ/history?p=104540.KQ
986,https://finance.yahoo.com/quote/102710.KQ/history?p=102710.KQ
987,https://finance.yahoo.com/quote/101390.KQ/history?p=101390.KQ
988,https://finance.yahoo.com/quote/104480.KQ/history?p=104480.KQ
989,https://finance.yahoo.com/quote/127120.KQ/history?p=127120.KQ
990,https://finance.yahoo.com/quote/126640.KQ/history?p=126640.KQ
991,https://finance.yahoo.com/quote/123750.KQ/history?p=123750.KQ
992,https://finance.yahoo.com/quote/124500.KQ/history?p=124500.KQ
993,https://finance.yahoo.com/quote/123330.KQ/history?p=123330.KQ
994,https://finance.yahoo.com/quote/126600.KQ/history?p=126600.KQ
995,https://finance.yahoo.com/quote/127710.KQ/history?p=127710.KQ
996,https://finance.yahoo.com/quote/123420.KQ/history?p=123420.KQ
997,https://finance.yahoo.com/quote/130580.KQ/history?p=130580.KQ
998,https://finance.yahoo.com/quote/126880.KQ/history?p=126880.KQ
999,https://finance.yahoo.com/quote/123570.KQ/history?p=123570.KQ
1000,https://finance.yahoo.com/quote/123840.KQ/history?p=123840.KQ
1001,https://finance.yahoo.com/quote/130500.KQ/history?p=130500.KQ
1002,https://finance.yahoo.com/quote/126870.KQ/history?p=126870.KQ
1003,https://finance.yahoo.com/quote/130740.KQ/history?p=130740.KQ
1004,https://finance.yahoo.com/quote/128660.KQ/history?p=128660.KQ
1005,https://finance.yahoo.com/quote/123010.KQ/history?p=123010.KQ
1006,https://finance.yahoo.com/quote/122990.KQ/history?p=122990.KQ
1007,https://finance.yahoo.com/quote/127160.KQ/history?p=127160.KQ
1008,https://finance.yahoo.com/quote/123260.KQ/history?p=123260.KQ
1009,https://finance.yahoo.com/quote/123860.KQ/history?p=123860.KQ
1010,https://finance.yahoo.com/quote/122870.KQ/history?p=122870.KQ
1011,https://finance.yahoo.com/quote/123040.KQ/history?p=123040.KQ
1012,https://finance.yahoo.com/quote/126700.KQ/history?p=126700.KQ
1013,https://finance.yahoo.com/quote/131760.KQ/history?p=131760.KQ
1014,https://finance.yahoo.com/quote/131970.KQ/history?p=131970.KQ
1015,https://finance.yahoo.com/quote/131370.KQ/history?p=131370.KQ
1016,https://finance.yahoo.com/quote/134060.KQ/history?p=134060.KQ
1017,https://finance.yahoo.com/quote/131390.KQ/history?p=131390.KQ
1018,https://finance.yahoo.com/quote/138580.KQ/history?p=138580.KQ
1019,https://finance.yahoo.com/quote/134580.KQ/history?p=134580.KQ
1020,https://finance.yahoo.com/quote/138080.KQ/history?p=138080.KQ
1021,https://finance.yahoo.com/quote/138070.KQ/history?p=138070.KQ
1022,https://finance.yahoo.com/quote/138360.KQ/history?p=138360.KQ
1023,https://finance.yahoo.com/quote/131090.KQ/history?p=131090.KQ
1024,https://finance.yahoo.com/quote/131290.KQ/history?p=131290.KQ
1025,https://finance.yahoo.com/quote/131030.KQ/history?p=131030.KQ
1026,https://finance.yahoo.com/quote/137940.KQ/history?p=137940.KQ
1027,https://finance.yahoo.com/quote/131220.KQ/history?p=131220.KQ
1028,https://finance.yahoo.com/quote/137950.KQ/history?p=137950.KQ
1029,https://finance.yahoo.com/quote/131400.KQ/history?p=131400.KQ
1030,https://finance.yahoo.com/quote/131180.KQ/history?p=131180.KQ
1031,https://finance.yahoo.com/quote/136540.KQ/history?p=136540.KQ
1032,https://finance.yahoo.com/quote/133750.KQ/history?p=133750.KQ
1033,https://finance.yahoo.com/quote/136480.KQ/history?p=136480.KQ
1034,https://finance.yahoo.com/quote/138610.KQ/history?p=138610.KQ
1035,https://finance.yahoo.com/quote/137400.KQ/history?p=137400.KQ
1036,https://finance.yahoo.com/quote/131100.KQ/history?p=131100.KQ
1037,https://finance.yahoo.com/quote/136510.KQ/history?p=136510.KQ
1038,https://finance.yahoo.com/quote/147830.KQ/history?p=147830.KQ
1039,https://finance.yahoo.com/quote/140670.KQ/history?p=140670.KQ
1040,https://finance.yahoo.com/quote/140070.KQ/history?p=140070.KQ
1041,https://finance.yahoo.com/quote/138690.KQ/history?p=138690.KQ
1042,https://finance.yahoo.com/quote/140860.KQ/history?p=140860.KQ
1043,https://finance.yahoo.com/quote/141020.KQ/history?p=141020.KQ
1044,https://finance.yahoo.com/quote/140410.KQ/history?p=140410.KQ
1045,https://finance.yahoo.com/quote/145020.KQ/history?p=145020.KQ
1046,https://finance.yahoo.com/quote/141000.KQ/history?p=141000.KQ
1047,https://finance.yahoo.com/quote/148140.KQ/history?p=148140.KQ
1048,https://finance.yahoo.com/quote/139050.KQ/history?p=139050.KQ
1049,https://finance.yahoo.com/quote/140520.KQ/history?p=140520.KQ
1050,https://finance.yahoo.com/quote/148250.KQ/history?p=148250.KQ
1051,https://finance.yahoo.com/quote/141080.KQ/history?p=141080.KQ
1052,https://finance.yahoo.com/quote/143160.KQ/history?p=143160.KQ
1053,https://finance.yahoo.com/quote/142210.KQ/history?p=142210.KQ
1054,https://finance.yahoo.com/quote/141070.KQ/history?p=141070.KQ
1055,https://finance.yahoo.com/quote/144960.KQ/history?p=144960.KQ
1056,https://finance.yahoo.com/quote/143540.KQ/history?p=143540.KQ
1057,https://finance.yahoo.com/quote/142760.KQ/history?p=142760.KQ
1058,https://finance.yahoo.com/quote/147760.KQ/history?p=147760.KQ
